1	5	0	no images
2	5	0	no images
3	5	0	no images
4	5	0	no images
5	5	0	no images
6	5	0	no images
7	5	0	no images
8	5	0	no images
9	5	0	no images
10	5	0	no images
11	5	0	no images
12	5	0	no images
13	5	0	no images
14	5	0	no images
15	5	0	no images
16	5	0	no images
17	5	0	no images
18	5	0	no images
19	5	0	no images
20	5	0	no images
21	5	0	no images
22	5	0	no images
23	5	0	no images
24	5	0	no images
25	5	0	no images
26	5	0	no images
27	5	0	no images
28	5	0	no images
29	5	0	no images
30	5	0	no images
31	5	0	no images
32	5	0	no images
33	5	0	no images
34	5	0	no images
35	5	0	no images
36	5	0	no images
37	5	0	no images
38	5	0	no images
39	5	0	no images
40	5	0	no images
41	5	0	no images
42	5	0	no images
43	5	0	no images
44	5	0	no images
45	5	0	no images
46	5	0	no images
47	5	0	no images
48	5	0	no images
49	5	0	no images
50	5	0	no images
51	5	0	no images
52	5	0	no images
53	5	0	no images
54	5	1	https://caos.boldsystems.org:31488/api/objects/caos-cloud.linode-us-east.25_222.e7f92b6a-4961-4787-a979-030f637aa61f.jpg
55	5	0	no images
56	5	1	https://caos.boldsystems.org:31488/api/objects/caos-cloud.linode-us-east.17_159.c465ac9c-de2f-40c8-b92d-e604a1ec6960.jpg
57	5	0	no images
58	5	1	https://caos.boldsystems.org:31488/api/objects/caos-cloud.linode-us-east.24_276.0dccfa28-848d-4e7c-9379-b9966fb5daeb.jpg
59	5	1	https://caos.boldsystems.org:31488/api/objects/caos-cloud.linode-us-east.17_149.db462949-9a99-4d6e-8775-31d19ec522c1.jpg
60	5	0	no images
61	5	0	no images
62	5	0	no images
63	5	0	no images
64	5	0	no images
65	5	0	no images
66	5	0	no images
67	5	0	no images
68	5	0	no images
69	5	0	no images
70	5	1	https://caos.boldsystems.org:31488/api/objects/caos-cloud.linode-us-east.21_241.56441155-a945-479d-aa9e-3d759d46ace6.jpg
71	5	0	no images
72	5	0	no images
73	5	0	no images
74	5	0	no images
75	5	0	no images
76	5	0	no images
77	5	0	no images
78	5	0	no images
79	5	0	no images
80	5	0	no images
81	5	0	no images
82	5	0	no images
83	5	0	no images
84	5	0	no images
85	5	0	no images
86	5	0	no images
87	5	0	no images
88	5	1	https://caos.boldsystems.org:31488/api/objects/caos-cloud.linode-us-east.19_281.f403171a-229b-4ad1-888a-c1eea687e35f.jpg
89	5	1	https://caos.boldsystems.org:31488/api/objects/caos-cloud.linode-us-east.13_277.d5fd46a8-d832-4338-b123-2d3dc0f14287.jpg
90	5	0	no images
91	5	0	no images
92	5	0	no images
93	5	0	no images
94	5	0	no images
95	5	0	no images
96	5	0	no images
97	5	0	no images
98	5	0	no images
99	5	0	no images
100	5	0	no images
